batch_size,lr,accuracy
128,0.0001,64.28571428571429
128,0.0005,69.44444444444444
128,0.001,64.28571428571429
